alpha,site0_pos_rate,auc
0.1,100.0,0.3851069741594888
0.5,50.99601593625498,0.8182828563489859
1.0,23.404255319148938,0.6587941094748542
