n_rounds,auc
1,0.8638510697415949
2,0.8760766879688803
3,0.8755209780494582
