threshold,precision,recall,f1,n_flagged
0.3,0.3037974683544304,0.06382978723404255,0.1054945054945055,158
0.35,0.2916666666666667,0.027925531914893616,0.050970873786407765,72
0.4,0.21875,0.009308510638297872,0.017857142857142856,32
0.45,0.2,0.0026595744680851063,0.005249343832020997,10
0.5,0.25,0.0013297872340425532,0.0026455026455026454,4
0.55,0.0,0.0,0.0,0
0.6,0.0,0.0,0.0,0
